timestamp,city,temperature,description
timestamp,city,temperature,description
2026-03-16T12:30:32.613Z,Budapest,15.44,clear sky
2026-03-16T12:35:38.378Z,Budapest,15.67,clear sky
2026-03-16T12:37:06.412Z,Budapest,15.67,clear sky
2026-03-16T15:40:00.879Z,Budapest,12.33,clear sky
2026-03-16T16:02:35.258Z,Budapest,11.5,clear sky2026-03-17T14:09:20.146Z,Budapest,12.16,broken clouds
2026-03-17T14:16:45.560Z,Budapest,12.16,broken clouds
2026-03-17T14:49:39.548Z,Budapest,10.91,broken clouds
2026-03-17T16:55:41.550Z,Budapest,8.1,overcast clouds
2026-03-17T18:47:35.920Z,Budapest,8.33,broken clouds
2026-03-17T20:29:21.493Z,Budapest,7.75,clear sky
2026-03-17T22:23:01.926Z,Budapest,7.75,clear sky
2026-03-18T01:16:18.705Z,Budapest,6.05,overcast clouds
2026-03-18T04:14:11.887Z,Budapest,7.69,clear sky
2026-03-18T06:50:58.755Z,Budapest,9.14,clear sky
2026-03-18T08:36:56.765Z,Budapest,12.45,broken clouds
2026-03-18T10:41:10.664Z,Budapest,15.29,clear sky
2026-03-18T12:45:02.691Z,Budapest,16.83,clear sky
2026-03-18T14:56:26.937Z,Budapest,14.69,scattered clouds
2026-03-18T16:50:38.419Z,Budapest,15.25,clear sky
2026-03-18T18:44:21.638Z,Budapest,10.2,scattered clouds
2026-03-18T20:25:58.425Z,Budapest,11.44,clear sky
2026-03-18T22:23:18.384Z,Budapest,9.84,clear sky
2026-03-19T01:15:29.831Z,Budapest,7.6,clear sky
2026-03-19T04:13:05.758Z,Budapest,6.29,clear sky
2026-03-19T06:45:05.165Z,Budapest,7.91,clear sky
2026-03-19T08:30:46.075Z,Budapest,10.17,clear sky
2026-03-19T10:30:30.814Z,Budapest,11.97,clear sky
2026-03-19T12:38:49.476Z,Budapest,12.26,clear sky
2026-03-19T14:41:34.099Z,Budapest,12.77,clear sky
2026-03-19T16:46:12.937Z,Budapest,11.67,clear sky
2026-03-19T18:42:09.789Z,Budapest,7.41,overcast clouds
2026-03-19T20:27:16.664Z,Budapest,7.32,overcast clouds
2026-03-19T22:17:56.541Z,Budapest,6.19,overcast clouds
2026-03-20T01:11:29.880Z,Budapest,4.67,broken clouds
2026-03-20T04:05:02.601Z,Budapest,5.02,broken clouds
2026-03-20T06:41:30.822Z,Budapest,7.19,few clouds
2026-03-20T08:30:05.475Z,Budapest,9.88,scattered clouds
2026-03-20T10:28:29.552Z,Budapest,12.16,clear sky
2026-03-20T12:35:31.150Z,Budapest,12.35,overcast clouds
2026-03-20T14:36:52.121Z,Budapest,12.54,clear sky
2026-03-20T16:31:39.436Z,Budapest,12.21,clear sky
2026-03-20T18:34:00.947Z,Budapest,9.23,clear sky
2026-03-20T20:21:05.982Z,Budapest,7.96,overcast clouds
2026-03-20T22:17:55.600Z,Budapest,6.95,overcast clouds
2026-03-21T01:07:16.239Z,Budapest,5.91,overcast clouds
2026-03-21T03:55:45.820Z,Budapest,7.78,clear sky
2026-03-21T05:02:52.424Z,Budapest,4.85,overcast clouds
2026-03-21T06:30:54.465Z,Budapest,8.22,clear sky
2026-03-21T08:20:24.286Z,Budapest,9.85,clear sky
2026-03-21T10:16:43.583Z,Budapest,12.81,clear sky
2026-03-21T12:27:03.881Z,Budapest,12.61,overcast clouds
2026-03-21T14:17:53.084Z,Budapest,13.18,clear sky
2026-03-21T16:17:30.175Z,Budapest,12.21,clear sky
2026-03-21T18:22:15.338Z,Budapest,10.82,clear sky
2026-03-21T20:15:14.720Z,Budapest,9.77,clear sky
2026-03-21T22:14:07.755Z,Budapest,7.45,broken clouds
2026-03-22T01:15:12.890Z,Budapest,8.99,clear sky
2026-03-22T04:10:23.824Z,Budapest,8.04,clear sky
2026-03-22T06:38:27.372Z,Budapest,7.58,broken clouds
2026-03-22T08:22:42.679Z,Budapest,10.86,clear sky
2026-03-22T10:17:36.676Z,Budapest,13.81,clear sky
2026-03-22T12:28:36.326Z,Budapest,15.9,clear sky
2026-03-22T14:18:49.986Z,Budapest,15.43,clear sky
2026-03-22T16:18:15.103Z,Budapest,13.69,clear sky
2026-03-22T18:23:01.124Z,Budapest,9.89,broken clouds
2026-03-22T20:15:31.918Z,Budapest,9.84,clear sky
2026-03-22T22:15:32.845Z,Budapest,10.58,clear sky
2026-03-23T01:16:19.509Z,Budapest,9.04,clear sky
2026-03-23T04:18:23.083Z,Budapest,8.9,clear sky
2026-03-23T06:57:55.381Z,Budapest,9.6,overcast clouds
2026-03-23T08:43:41.499Z,Budapest,12.51,scattered clouds
2026-03-23T10:43:20.955Z,Budapest,15.57,clear sky
2026-03-23T12:41:41.155Z,Budapest,16.03,few clouds
2026-03-23T14:49:37.532Z,Budapest,15.28,few clouds
2026-03-23T16:45:37.092Z,Budapest,14.1,few clouds
2026-03-23T18:39:21.284Z,Budapest,12.21,clear sky
2026-03-23T20:28:48.652Z,Budapest,8.85,broken clouds
2026-03-23T22:21:40.981Z,Budapest,10.41,broken clouds
2026-03-24T01:08:55.516Z,Budapest,9.58,broken clouds
2026-03-24T04:08:50.670Z,Budapest,5.76,broken clouds
2026-03-24T06:52:54.129Z,Budapest,10.65,clear sky
2026-03-24T08:39:23.189Z,Budapest,13.85,clear sky
2026-03-24T10:41:09.868Z,Budapest,16.58,clear sky
2026-03-24T12:45:55.125Z,Budapest,16.49,clear sky
2026-03-24T14:51:08.030Z,Budapest,16.21,clear sky
2026-03-24T16:52:04.236Z,Budapest,12.98,overcast clouds
2026-03-24T18:48:41.620Z,Budapest,11.47,overcast clouds
2026-03-24T20:31:41.798Z,Budapest,8.36,overcast clouds
2026-03-24T22:21:26.320Z,Budapest,9.47,overcast clouds
2026-03-25T01:14:37.313Z,Budapest,9.51,overcast clouds
2026-03-25T04:10:21.607Z,Budapest,3.83,broken clouds
2026-03-25T06:51:38.405Z,Budapest,10.45,overcast clouds
2026-03-25T08:38:14.701Z,Budapest,13.3,overcast clouds
2026-03-25T10:39:01.327Z,Budapest,15.21,overcast clouds
2026-03-25T12:42:39.026Z,Budapest,15.93,overcast clouds
2026-03-25T14:52:27.093Z,Budapest,15.83,overcast clouds
2026-03-25T16:53:43.168Z,Budapest,13.09,overcast clouds
2026-03-25T18:42:49.740Z,Budapest,11.86,clear sky
2026-03-25T20:28:56.333Z,Budapest,12.5,clear sky
2026-03-25T22:25:52.146Z,Budapest,12.2,clear sky
2026-03-26T01:19:49.592Z,Budapest,9.61,clear sky
2026-03-26T04:24:50.898Z,Budapest,8.3,overcast clouds
2026-03-26T06:57:32.293Z,Budapest,8.71,moderate rain
2026-03-26T08:42:57.635Z,Budapest,9.37,light intensity shower rain
2026-03-26T10:42:52.374Z,Budapest,11.95,clear sky
2026-03-26T12:51:17.914Z,Budapest,12.39,overcast clouds
2026-03-26T14:56:52.866Z,Budapest,11.19,overcast clouds
2026-03-26T16:52:53.927Z,Budapest,10.74,light rain
2026-03-26T18:52:09.216Z,Budapest,7.49,overcast clouds
2026-03-26T20:27:02.819Z,Budapest,8.56,overcast clouds
2026-03-26T22:18:07.985Z,Budapest,8.69,clear sky
2026-03-27T01:19:45.914Z,Budapest,8.32,clear sky
2026-03-27T04:25:53.573Z,Budapest,8.25,clear sky
2026-03-27T06:56:39.033Z,Budapest,8.33,clear sky
2026-03-27T08:40:02.200Z,Budapest,6.04,overcast clouds
2026-03-27T10:38:01.937Z,Budapest,11.17,broken clouds
2026-03-27T12:40:09.658Z,Budapest,11.95,overcast clouds
2026-03-27T14:43:59.239Z,Budapest,10.69,light rain
2026-03-27T16:42:20.485Z,Budapest,9.23,moderate rain
2026-03-27T18:42:47.551Z,Budapest,8.67,overcast clouds
2026-03-27T20:27:13.247Z,Budapest,7.36,overcast clouds
2026-03-27T22:21:18.068Z,Budapest,6.82,overcast clouds
2026-03-28T01:13:34.815Z,Budapest,5.97,overcast clouds
2026-03-28T04:10:21.940Z,Budapest,5.23,overcast clouds
2026-03-28T06:45:32.462Z,Budapest,6.43,few clouds
2026-03-28T08:27:41.908Z,Budapest,8.65,overcast clouds
2026-03-28T10:22:17.452Z,Budapest,9.21,overcast clouds
2026-03-28T12:32:24.866Z,Budapest,10.5,moderate rain
2026-03-28T14:23:16.006Z,Budapest,12.8,overcast clouds
2026-03-28T16:21:52.376Z,Budapest,9.36,moderate rain
2026-03-28T18:26:25.759Z,Budapest,8.18,overcast clouds
2026-03-28T20:18:38.024Z,Budapest,7.22,broken clouds
2026-03-28T22:18:25.416Z,Budapest,7.08,moderate rain
2026-03-29T01:23:06.905Z,Budapest,6.84,clear sky
2026-03-29T04:28:56.035Z,Budapest,6.47,clear sky
2026-03-29T06:53:09.185Z,Budapest,6.84,overcast clouds
2026-03-29T08:29:19.055Z,Budapest,6.74,heavy intensity rain
2026-03-29T10:22:49.117Z,Budapest,7.34,overcast clouds
2026-03-29T12:32:08.701Z,Budapest,7.93,overcast clouds
2026-03-29T14:25:34.229Z,Budapest,9.29,overcast clouds
2026-03-29T16:24:08.226Z,Budapest,7.34,overcast clouds
2026-03-29T18:27:25.144Z,Budapest,6.99,overcast clouds
2026-03-29T20:20:42.238Z,Budapest,6.59,overcast clouds
2026-03-29T22:20:13.752Z,Budapest,6.81,overcast clouds
2026-03-30T01:23:46.022Z,Budapest,6.53,moderate rain
2026-03-30T04:36:38.114Z,Budapest,5.4,overcast clouds
2026-03-30T07:15:12.521Z,Budapest,5.67,overcast clouds
2026-03-30T09:03:00.486Z,Budapest,6.22,overcast clouds
2026-03-30T10:54:27.633Z,Budapest,7.77,overcast clouds
2026-03-30T12:53:55.417Z,Budapest,6.95,overcast clouds
2026-03-30T14:57:04.379Z,Budapest,7.14,overcast clouds
2026-03-30T16:45:31.520Z,Budapest,6.53,overcast clouds
2026-03-30T18:45:43.605Z,Budapest,6.11,overcast clouds
2026-03-30T20:34:56.829Z,Budapest,5.93,overcast clouds
2026-03-30T22:24:40.211Z,Budapest,5.25,overcast clouds
2026-03-31T01:21:19.718Z,Budapest,5.25,broken clouds
2026-03-31T04:28:01.503Z,Budapest,4.69,broken clouds
2026-03-31T07:01:32.648Z,Budapest,5.63,overcast clouds
2026-03-31T08:45:35.473Z,Budapest,5.61,overcast clouds
2026-03-31T10:44:25.677Z,Budapest,6.68,overcast clouds
2026-03-31T12:53:27.783Z,Budapest,7.29,overcast clouds
2026-03-31T14:54:22.321Z,Budapest,6.75,overcast clouds
2026-03-31T16:48:00.764Z,Budapest,6.57,overcast clouds
2026-03-31T18:46:08.251Z,Budapest,5.79,overcast clouds
2026-03-31T20:33:33.129Z,Budapest,5.55,light rain
2026-03-31T22:25:02.006Z,Budapest,5.06,moderate rain
2026-04-01T01:28:04.066Z,Budapest,5.05,clear sky
2026-04-01T04:39:56.346Z,Budapest,5.19,clear sky
2026-04-01T07:08:26.939Z,Budapest,7.73,clear sky
2026-04-01T08:54:12.146Z,Budapest,10.18,few clouds
2026-04-01T10:45:27.849Z,Budapest,12.17,scattered clouds
2026-04-01T12:54:49.805Z,Budapest,13.86,few clouds
2026-04-01T14:57:20.822Z,Budapest,14.54,clear sky
2026-04-01T16:44:00.060Z,Budapest,13.41,clear sky
2026-04-01T18:45:21.199Z,Budapest,10.67,clear sky
2026-04-01T20:34:49.898Z,Budapest,8,overcast clouds
2026-04-01T22:27:13.021Z,Budapest,7.62,overcast clouds
2026-04-02T01:18:08.910Z,Budapest,7,overcast clouds
2026-04-02T04:20:11.366Z,Budapest,7.32,overcast clouds
2026-04-02T07:00:38.751Z,Budapest,10.74,few clouds
2026-04-02T08:44:19.298Z,Budapest,12.97,broken clouds
2026-04-02T10:42:17.349Z,Budapest,15.57,scattered clouds
2026-04-02T12:47:59.069Z,Budapest,17.19,clear sky
2026-04-02T14:47:21.946Z,Budapest,16.73,clear sky
2026-04-02T16:45:09.118Z,Budapest,15.06,clear sky
2026-04-02T18:41:37.835Z,Budapest,13.8,clear sky
2026-04-02T20:25:13.751Z,Budapest,12.64,clear sky
2026-04-02T22:22:48.276Z,Budapest,11.58,clear sky
2026-04-03T01:20:12.043Z,Budapest,11.51,overcast clouds
2026-04-03T04:21:06.103Z,Budapest,10.14,clear sky
2026-04-03T06:57:47.375Z,Budapest,11.02,clear sky
2026-04-03T08:41:41.109Z,Budapest,13.28,clear sky
2026-04-03T10:33:53.275Z,Budapest,15.59,clear sky
2026-04-03T12:39:17.076Z,Budapest,18.28,clear sky
2026-04-03T14:36:14.810Z,Budapest,17.51,clear sky
2026-04-03T16:28:37.834Z,Budapest,15.82,clear sky
2026-04-03T18:33:25.927Z,Budapest,13.09,clear sky
2026-04-03T20:24:43.972Z,Budapest,11.99,clear sky
2026-04-03T22:22:53.478Z,Budapest,11.71,clear sky
2026-04-04T01:14:43.722Z,Budapest,8.18,clear sky
2026-04-04T04:07:42.957Z,Budapest,6.15,clear sky
2026-04-04T06:47:58.855Z,Budapest,12.18,clear sky
2026-04-04T08:29:51.521Z,Budapest,14.62,clear sky
2026-04-04T10:23:16.645Z,Budapest,16.81,clear sky
2026-04-04T12:32:13.066Z,Budapest,18.29,clear sky
2026-04-04T14:26:05.669Z,Budapest,15.62,clear sky
2026-04-04T16:22:57.862Z,Budapest,14.88,clear sky
2026-04-04T18:27:12.189Z,Budapest,13.7,clear sky
2026-04-04T20:19:22.258Z,Budapest,12.35,clear sky
2026-04-04T22:19:05.479Z,Budapest,11.68,clear sky
2026-04-05T01:23:50.561Z,Budapest,10.36,clear sky
2026-04-05T04:29:10.745Z,Budapest,9.57,clear sky
2026-04-05T06:54:38.333Z,Budapest,14.34,clear sky
2026-04-05T08:32:33.299Z,Budapest,15.61,few clouds
2026-04-05T10:24:06.459Z,Budapest,18.88,scattered clouds
2026-04-05T12:34:10.889Z,Budapest,20.51,clear sky
2026-04-05T14:27:45.781Z,Budapest,21.74,clear sky
2026-04-05T16:25:00.556Z,Budapest,20.84,clear sky
2026-04-05T18:28:54.245Z,Budapest,17.7,clear sky
2026-04-05T20:21:29.715Z,Budapest,16.04,clear sky
2026-04-05T22:20:33.904Z,Budapest,16.03,broken clouds
2026-04-06T01:23:59.741Z,Budapest,14.69,clear sky
2026-04-06T04:36:21.588Z,Budapest,13.05,overcast clouds
2026-04-06T07:17:10.550Z,Budapest,14.72,overcast clouds
2026-04-06T09:00:32.718Z,Budapest,16.64,overcast clouds
2026-04-06T10:46:42.409Z,Budapest,17.51,overcast clouds
2026-04-06T12:46:04.126Z,Budapest,17.28,scattered clouds
2026-04-06T14:40:02.045Z,Budapest,17.03,clear sky
2026-04-06T16:36:13.666Z,Budapest,15.52,broken clouds
2026-04-06T18:42:29.872Z,Budapest,13.54,few clouds
2026-04-06T20:28:45.474Z,Budapest,10.83,clear sky
2026-04-06T22:25:42.787Z,Budapest,8.89,few clouds
2026-04-07T01:21:52.224Z,Budapest,7.14,clear sky
2026-04-07T04:25:00.530Z,Budapest,5.64,scattered clouds
2026-04-07T07:04:09.270Z,Budapest,9.58,broken clouds
2026-04-07T08:51:54.567Z,Budapest,12.36,broken clouds
2026-04-07T10:46:37.964Z,Budapest,14.32,clear sky
2026-04-07T12:56:41.255Z,Budapest,14.82,few clouds
2026-04-07T15:00:18.318Z,Budapest,15.32,few clouds
2026-04-07T16:45:34.829Z,Budapest,13.45,few clouds
2026-04-07T18:47:39.756Z,Budapest,12.59,clear sky
2026-04-07T20:36:00.814Z,Budapest,8.02,clear sky
2026-04-07T22:28:36.990Z,Budapest,6.97,clear sky
2026-04-08T01:22:38.209Z,Budapest,6.96,clear sky
2026-04-08T04:28:32.766Z,Budapest,4.97,clear sky
2026-04-08T07:06:04.981Z,Budapest,7.31,clear sky
2026-04-08T08:52:07.470Z,Budapest,10.27,clear sky
2026-04-08T10:48:33.302Z,Budapest,11.29,clear sky
2026-04-08T12:57:13.483Z,Budapest,14.34,clear sky
2026-04-08T15:01:36.559Z,Budapest,14.28,clear sky
2026-04-08T16:51:04.132Z,Budapest,12.48,clear sky
2026-04-08T19:01:58.198Z,Budapest,7.29,clear sky
2026-04-08T20:33:13.088Z,Budapest,6.01,clear sky
2026-04-08T22:29:41.074Z,Budapest,4.15,clear sky
2026-04-09T01:13:14.651Z,Budapest,3.29,clear sky
2026-04-09T04:24:41.508Z,Budapest,2.78,clear sky
2026-04-09T07:10:17.829Z,Budapest,5.99,clear sky
2026-04-09T09:01:50.494Z,Budapest,9.53,clear sky
2026-04-09T10:52:27.514Z,Budapest,11.82,clear sky
2026-04-09T12:59:24.585Z,Budapest,13.66,clear sky
2026-04-09T15:13:23.565Z,Budapest,12.39,few clouds
2026-04-09T16:56:40.477Z,Budapest,10.23,clear sky
2026-04-09T18:49:35.763Z,Budapest,7.23,clear sky
2026-04-09T20:39:57.405Z,Budapest,3.24,clear sky
2026-04-09T22:31:30.284Z,Budapest,3.47,clear sky
2026-04-10T01:23:29.304Z,Budapest,1.05,broken clouds
2026-04-10T04:38:30.911Z,Budapest,1.91,few clouds
2026-04-10T07:15:06.313Z,Budapest,4.87,overcast clouds
2026-04-10T08:59:13.755Z,Budapest,8.12,overcast clouds
2026-04-10T10:42:59.448Z,Budapest,9.13,overcast clouds
2026-04-10T12:45:02.199Z,Budapest,9.77,overcast clouds
2026-04-10T14:41:53.963Z,Budapest,11.21,clear sky
2026-04-10T16:39:50.756Z,Budapest,8.64,overcast clouds
2026-04-10T18:38:58.623Z,Budapest,7.33,overcast clouds
2026-04-10T20:24:43.391Z,Budapest,6.34,overcast clouds
2026-04-10T22:26:07.704Z,Budapest,5.24,overcast clouds
2026-04-11T01:18:05.851Z,Budapest,4.44,clear sky
2026-04-11T04:11:37.174Z,Budapest,3.83,scattered clouds
2026-04-11T06:49:42.090Z,Budapest,6.75,clear sky
2026-04-11T08:31:09.574Z,Budapest,9.18,clear sky
2026-04-11T10:23:58.609Z,Budapest,11.56,clear sky
2026-04-11T12:34:43.340Z,Budapest,13.44,clear sky
2026-04-11T14:28:22.743Z,Budapest,13.07,clear sky
2026-04-11T16:25:05.578Z,Budapest,12.31,clear sky
2026-04-11T18:29:23.836Z,Budapest,9.62,clear sky
2026-04-11T20:21:07.495Z,Budapest,8.38,clear sky
2026-04-11T22:21:21.722Z,Budapest,5.49,clear sky
2026-04-12T01:27:48.187Z,Budapest,4.62,clear sky
2026-04-12T04:39:20.436Z,Budapest,4.95,clear sky
2026-04-12T07:03:10.003Z,Budapest,8.25,few clouds
2026-04-12T08:37:11.203Z,Budapest,11.48,scattered clouds
2026-04-12T10:29:10.582Z,Budapest,13.18,scattered clouds
2026-04-12T12:37:39.934Z,Budapest,15.64,broken clouds
2026-04-12T14:33:29.194Z,Budapest,15.83,broken clouds
2026-04-12T16:26:53.539Z,Budapest,15.4,clear sky
2026-04-12T18:33:33.958Z,Budapest,11.66,broken clouds
2026-04-12T20:24:24.975Z,Budapest,9.93,few clouds
2026-04-12T22:23:01.838Z,Budapest,8.57,scattered clouds
2026-04-13T01:29:40.396Z,Budapest,7.88,overcast clouds
2026-04-13T04:50:36.819Z,Budapest,7.98,overcast clouds
2026-04-13T07:47:33.552Z,Budapest,13.3,clear sky
2026-04-13T09:26:41.045Z,Budapest,13.52,overcast clouds
2026-04-13T11:08:34.182Z,Budapest,15.9,overcast clouds
2026-04-13T13:01:08.964Z,Budapest,15.87,clear sky
2026-04-13T15:07:11.156Z,Budapest,16.2,clear sky
2026-04-13T16:53:47.074Z,Budapest,15.78,clear sky
2026-04-13T19:00:41.519Z,Budapest,13.8,overcast clouds
2026-04-13T20:42:12.768Z,Budapest,13.04,clear sky
2026-04-13T22:35:26.954Z,Budapest,11.71,overcast clouds
2026-04-14T01:27:26.572Z,Budapest,11.31,clear sky
2026-04-14T04:38:00.213Z,Budapest,10.28,clear sky
2026-04-14T07:17:29.395Z,Budapest,11.47,overcast clouds
2026-04-14T09:08:45.355Z,Budapest,14,overcast clouds
2026-04-14T10:55:33.552Z,Budapest,15.2,broken clouds
2026-04-14T13:00:47.321Z,Budapest,13.18,overcast clouds
2026-04-14T15:05:59.742Z,Budapest,14.75,overcast clouds
2026-04-14T16:54:49.511Z,Budapest,14.54,clear sky
2026-04-14T18:59:03.454Z,Budapest,12.16,overcast clouds
2026-04-14T20:42:18.835Z,Budapest,12.28,overcast clouds
2026-04-14T22:36:52.603Z,Budapest,11.83,overcast clouds
2026-04-15T01:24:00.247Z,Budapest,12.36,clear sky
2026-04-15T04:37:55.219Z,Budapest,11.99,overcast clouds
2026-04-15T07:18:06.130Z,Budapest,14.76,overcast clouds
2026-04-15T09:09:46.803Z,Budapest,15.13,overcast clouds
2026-04-15T10:52:38.039Z,Budapest,19.29,overcast clouds
2026-04-15T12:59:48.831Z,Budapest,18.33,broken clouds
2026-04-15T14:58:52.582Z,Budapest,19.33,scattered clouds
2026-04-15T16:52:52.828Z,Budapest,17.67,broken clouds
2026-04-15T19:00:24.014Z,Budapest,16.15,clear sky
2026-04-15T20:37:54.223Z,Budapest,13.54,clear sky
2026-04-15T22:33:37.014Z,Budapest,12.05,clear sky
2026-04-16T01:29:45.954Z,Budapest,11.4,few clouds
2026-04-16T04:44:07.887Z,Budapest,11.52,broken clouds
2026-04-16T07:18:47.657Z,Budapest,15.52,clear sky
2026-04-16T09:09:04.423Z,Budapest,16.76,clear sky
2026-04-16T10:55:03.737Z,Budapest,20.87,overcast clouds
2026-04-16T13:04:52.394Z,Budapest,21.18,overcast clouds
2026-04-16T15:18:03.164Z,Budapest,20.07,overcast clouds
2026-04-16T17:02:53.092Z,Budapest,18.79,overcast clouds
2026-04-16T18:58:15.985Z,Budapest,16.2,clear sky
2026-04-16T20:38:40.461Z,Budapest,13.79,few clouds
2026-04-16T22:30:27.914Z,Budapest,12.68,few clouds
2026-04-17T01:27:17.094Z,Budapest,12.43,overcast clouds
2026-04-17T04:41:29.136Z,Budapest,12.45,broken clouds
2026-04-17T07:18:49.262Z,Budapest,14.59,clear sky
2026-04-17T09:08:11.142Z,Budapest,19.05,clear sky
2026-04-17T10:45:53.267Z,Budapest,21.73,clear sky
2026-04-17T12:55:32.985Z,Budapest,22.59,clear sky
2026-04-17T14:47:40.738Z,Budapest,21.33,broken clouds
2026-04-17T16:43:04.416Z,Budapest,19.64,scattered clouds
2026-04-17T18:43:08.796Z,Budapest,16.24,clear sky
2026-04-17T20:34:58.144Z,Budapest,14.31,clear sky
2026-04-17T22:28:31.061Z,Budapest,13.67,clear sky
2026-04-18T01:20:57.293Z,Budapest,10.91,clear sky
2026-04-18T04:24:02.455Z,Budapest,7.94,broken clouds
2026-04-18T06:56:17.378Z,Budapest,13.89,clear sky
2026-04-18T08:37:44.075Z,Budapest,15.65,clear sky
2026-04-18T10:31:24.802Z,Budapest,17.51,clear sky
2026-04-18T12:38:20.447Z,Budapest,19.49,few clouds
2026-04-18T14:34:44.314Z,Budapest,20.49,clear sky
2026-04-18T16:28:00.267Z,Budapest,19.37,clear sky
2026-04-18T18:33:20.047Z,Budapest,15.97,few clouds
2026-04-18T20:25:29.830Z,Budapest,14.38,broken clouds
2026-04-18T22:23:43.161Z,Budapest,9.89,scattered clouds
2026-04-19T01:42:56.077Z,Budapest,11.12,broken clouds
2026-04-19T04:43:46.618Z,Budapest,7.1,broken clouds
2026-04-19T07:06:29.096Z,Budapest,13.19,overcast clouds
2026-04-19T08:42:24.635Z,Budapest,18.57,clear sky
2026-04-19T10:30:35.790Z,Budapest,19.96,broken clouds
2026-04-19T12:37:13.118Z,Budapest,23.27,clear sky
2026-04-19T14:34:34.764Z,Budapest,19.31,broken clouds
2026-04-19T16:28:04.912Z,Budapest,21.88,clear sky
2026-04-19T18:33:55.246Z,Budapest,14.57,broken clouds
2026-04-19T20:26:18.800Z,Budapest,12.79,overcast clouds
2026-04-19T22:24:42.690Z,Budapest,10.28,overcast clouds
2026-04-20T01:45:47.360Z,Budapest,6.86,overcast clouds
2026-04-20T04:50:09.085Z,Budapest,7.4,overcast clouds
2026-04-20T07:50:48.992Z,Budapest,12.15,broken clouds
2026-04-20T09:48:12.688Z,Budapest,14.7,dust
2026-04-20T11:11:09.462Z,Budapest,14.87,overcast clouds
2026-04-20T13:05:18.699Z,Budapest,14.3,overcast clouds
2026-04-20T15:09:03.399Z,Budapest,14.6,broken clouds
2026-04-20T16:54:11.397Z,Budapest,13.5,scattered clouds
2026-04-20T18:51:32.916Z,Budapest,12.91,clear sky
2026-04-20T20:36:21.915Z,Budapest,10.2,clear sky
2026-04-20T22:33:54.872Z,Budapest,8.65,few clouds
2026-04-21T01:27:08.654Z,Budapest,6.99,clear sky
2026-04-21T04:41:13.925Z,Budapest,8.72,scattered clouds
2026-04-21T07:21:23.071Z,Budapest,9.24,scattered clouds
2026-04-21T09:16:57.651Z,Budapest,10.84,scattered clouds
2026-04-21T10:58:36.146Z,Budapest,11.28,broken clouds
2026-04-21T12:59:47.507Z,Budapest,12.17,overcast clouds
2026-04-21T15:04:06.093Z,Budapest,12.13,overcast clouds
2026-04-21T16:47:40.714Z,Budapest,10.7,overcast clouds
2026-04-21T18:56:59.875Z,Budapest,10,overcast clouds
2026-04-21T20:39:42.182Z,Budapest,7.64,overcast clouds
2026-04-21T22:30:26.870Z,Budapest,7.02,overcast clouds
2026-04-22T01:25:57.811Z,Budapest,6.13,overcast clouds
2026-04-22T04:38:39.794Z,Budapest,7.7,clear sky
2026-04-22T07:19:47.665Z,Budapest,12.62,clear sky
2026-04-22T09:11:07.116Z,Budapest,12.89,few clouds
2026-04-22T10:57:30.295Z,Budapest,14.57,clear sky
2026-04-22T13:00:31.642Z,Budapest,16.84,clear sky
2026-04-22T15:03:52.377Z,Budapest,16.59,clear sky
2026-04-22T16:48:36.801Z,Budapest,12.61,overcast clouds
2026-04-22T18:58:07.968Z,Budapest,10.65,broken clouds
2026-04-22T20:42:41.376Z,Budapest,10.14,scattered clouds
2026-04-22T22:38:19.357Z,Budapest,8.74,few clouds
2026-04-23T01:44:33.116Z,Budapest,8.5,clear sky
2026-04-23T04:43:21.079Z,Budapest,6.91,broken clouds
2026-04-23T07:21:59.400Z,Budapest,11.9,overcast clouds
2026-04-23T09:17:50.531Z,Budapest,14.26,overcast clouds
2026-04-23T11:00:11.904Z,Budapest,15.16,broken clouds
2026-04-23T13:00:08.254Z,Budapest,17.45,clear sky
2026-04-23T15:29:29.195Z,Budapest,18.54,clear sky
2026-04-23T17:09:48.649Z,Budapest,17.5,clear sky
2026-04-23T18:54:57.347Z,Budapest,15.49,clear sky
2026-04-23T20:42:52.427Z,Budapest,13.82,clear sky
2026-04-23T22:34:23.948Z,Budapest,12.64,clear sky
2026-04-24T01:30:11.882Z,Budapest,12.16,clear sky
2026-04-24T04:47:09.468Z,Budapest,11.45,scattered clouds
2026-04-24T07:48:08.245Z,Budapest,14.39,clear sky
2026-04-24T09:21:59.008Z,Budapest,16.54,scattered clouds
2026-04-24T10:57:44.186Z,Budapest,18.29,clear sky
2026-04-24T12:58:36.634Z,Budapest,19.87,clear sky
2026-04-24T15:00:46.853Z,Budapest,20.78,clear sky
2026-04-24T16:44:18.585Z,Budapest,19.7,clear sky
2026-04-24T18:36:48.635Z,Budapest,16.15,clear sky
2026-04-24T20:35:58.578Z,Budapest,13.28,clear sky
2026-04-24T22:31:54.423Z,Budapest,13.05,scattered clouds
2026-04-25T01:23:29.477Z,Budapest,10.33,overcast clouds
2026-04-25T04:28:11.330Z,Budapest,9.43,scattered clouds
2026-04-25T07:02:03.338Z,Budapest,13.55,clear sky
2026-04-25T08:40:55.366Z,Budapest,16.12,clear sky
2026-04-25T10:34:48.302Z,Budapest,19.09,clear sky
2026-04-25T12:39:26.154Z,Budapest,20.95,clear sky
2026-04-25T14:35:33.596Z,Budapest,21.92,clear sky
2026-04-25T16:30:47.238Z,Budapest,22.04,clear sky
2026-04-25T18:35:36.266Z,Budapest,17.37,clear sky
2026-04-25T20:28:01.750Z,Budapest,15.35,clear sky
2026-04-25T22:25:33.909Z,Budapest,14.79,few clouds
2026-04-26T01:45:17.676Z,Budapest,14.68,clear sky
2026-04-26T04:51:45.834Z,Budapest,13.33,clear sky
2026-04-26T07:16:14.698Z,Budapest,14.85,dust
2026-04-26T08:49:18.112Z,Budapest,15.17,clear sky
2026-04-26T10:36:27.761Z,Budapest,15.53,clear sky
2026-04-26T12:41:31.608Z,Budapest,16.54,clear sky
2026-04-26T14:36:07.178Z,Budapest,16.71,clear sky
2026-04-26T16:31:12.463Z,Budapest,16.06,clear sky
2026-04-26T18:36:58.498Z,Budapest,12.72,clear sky
2026-04-26T20:27:39.704Z,Budapest,10.22,clear sky
2026-04-26T22:27:29.889Z,Budapest,10.04,clear sky
2026-04-27T01:48:43.707Z,Budapest,7.93,scattered clouds
2026-04-27T04:59:54.726Z,Budapest,7.91,broken clouds
2026-04-27T08:04:14.946Z,Budapest,14.1,clear sky
2026-04-27T11:29:46.542Z,Budapest,16.65,clear sky
2026-04-27T13:16:52.823Z,Budapest,18.22,clear sky
2026-04-27T15:28:59.436Z,Budapest,18.22,clear sky
2026-04-27T17:14:27.345Z,Budapest,16.18,clear sky
2026-04-27T19:03:30.631Z,Budapest,12.31,clear sky
2026-04-27T20:51:56.625Z,Budapest,11.23,overcast clouds
2026-04-27T22:39:27.493Z,Budapest,10.59,overcast clouds
2026-04-28T01:56:30.323Z,Budapest,9.59,overcast clouds
2026-04-28T05:25:26.576Z,Budapest,9.63,overcast clouds
2026-04-28T08:06:18.661Z,Budapest,14.99,clear sky
2026-04-28T11:39:55.598Z,Budapest,19.11,clear sky
2026-04-28T13:27:38.385Z,Budapest,19.65,clear sky
2026-04-28T16:07:56.358Z,Budapest,19.89,clear sky
2026-04-28T19:18:59.390Z,Budapest,13.1,overcast clouds
2026-04-28T20:58:34.452Z,Budapest,12.44,overcast clouds
2026-04-28T22:45:32.433Z,Budapest,10.65,clear sky
2026-04-29T01:58:52.024Z,Budapest,9.13,clear sky
2026-04-29T05:27:04.355Z,Budapest,8.86,clear sky
2026-04-29T07:59:33.110Z,Budapest,12.51,clear sky
2026-04-29T10:07:45.096Z,Budapest,14.59,clear sky
2026-04-29T13:21:46.176Z,Budapest,17.3,clear sky
2026-04-29T15:51:43.966Z,Budapest,17.19,clear sky
2026-04-29T17:16:36.578Z,Budapest,15.69,overcast clouds
2026-04-29T19:08:22.171Z,Budapest,10.06,clear sky
2026-04-29T20:52:18.217Z,Budapest,9.29,clear sky
2026-04-29T22:45:14.406Z,Budapest,8.21,clear sky
2026-04-30T01:58:20.643Z,Budapest,5.61,clear sky
2026-04-30T05:29:18.074Z,Budapest,6.62,clear sky
2026-04-30T08:03:07.919Z,Budapest,9.78,clear sky
2026-04-30T11:22:56.394Z,Budapest,13.07,clear sky
2026-04-30T13:19:49.572Z,Budapest,14.05,clear sky
2026-04-30T15:42:50.659Z,Budapest,14.92,clear sky
2026-04-30T17:08:16.888Z,Budapest,14.03,clear sky
2026-04-30T19:05:19.529Z,Budapest,9.13,clear sky
2026-04-30T20:50:01.219Z,Budapest,8.26,clear sky
2026-04-30T22:41:19.287Z,Budapest,7.81,clear sky
2026-05-01T02:00:15.743Z,Budapest,6.08,few clouds
2026-05-01T06:31:02.141Z,Budapest,10.67,clear sky
2026-05-01T09:25:00.537Z,Budapest,15.1,clear sky
2026-05-01T11:01:15.215Z,Budapest,16.97,clear sky
2026-05-01T12:54:48.277Z,Budapest,18.19,clear sky
2026-05-01T14:46:27.791Z,Budapest,19.04,clear sky
2026-05-01T16:43:59.281Z,Budapest,18.49,clear sky
2026-05-01T18:56:38.642Z,Budapest,13.88,clear sky
2026-05-01T20:40:33.330Z,Budapest,13.02,clear sky
2026-05-01T22:40:15.426Z,Budapest,11.45,overcast clouds
2026-05-02T01:48:53.051Z,Budapest,11.73,broken clouds
2026-05-02T04:52:14.448Z,Budapest,11.28,broken clouds
2026-05-02T07:18:50.437Z,Budapest,16.79,clear sky
2026-05-02T08:56:33.783Z,Budapest,19.84,clear sky
2026-05-02T10:41:28.068Z,Budapest,21.26,clear sky
2026-05-02T12:45:34.836Z,Budapest,23.48,clear sky
2026-05-02T14:40:18.340Z,Budapest,23.35,clear sky
2026-05-02T16:35:46.786Z,Budapest,22.63,clear sky
2026-05-02T18:42:24.128Z,Budapest,16.69,clear sky
2026-05-02T20:31:02.039Z,Budapest,16.25,clear sky
2026-05-02T22:29:49.311Z,Budapest,14.72,scattered clouds
2026-05-03T01:51:42.371Z,Budapest,12.16,clear sky
2026-05-03T05:22:17.176Z,Budapest,12.83,clear sky
2026-05-03T07:46:52.187Z,Budapest,16.95,clear sky
2026-05-03T09:12:59.275Z,Budapest,19.04,clear sky
2026-05-03T10:44:05.302Z,Budapest,20.65,clear sky
2026-05-03T12:44:39.573Z,Budapest,22.58,clear sky
2026-05-03T14:40:26.940Z,Budapest,23.58,clear sky
2026-05-03T16:36:40.769Z,Budapest,22.14,clear sky
2026-05-03T18:42:47.020Z,Budapest,15.97,clear sky
2026-05-03T20:32:07.684Z,Budapest,15.27,clear sky
2026-05-03T22:30:15.269Z,Budapest,14.07,clear sky
2026-05-04T01:52:07.190Z,Budapest,11.47,clear sky
2026-05-04T05:25:24.170Z,Budapest,12.98,clear sky
2026-05-04T08:16:03.344Z,Budapest,20.19,clear sky
2026-05-04T11:42:13.341Z,Budapest,24.45,clear sky
2026-05-04T13:21:01.517Z,Budapest,26.6,clear sky
2026-05-04T15:54:09.887Z,Budapest,26.06,clear sky
2026-05-04T17:21:25.160Z,Budapest,24.19,clear sky
2026-05-04T19:13:12.373Z,Budapest,19.14,clear sky
2026-05-04T20:58:02.089Z,Budapest,17.47,clear sky
2026-05-04T22:47:37.809Z,Budapest,16.49,scattered clouds
2026-05-05T01:53:05.550Z,Budapest,12.41,few clouds
2026-05-05T04:53:39.786Z,Budapest,14.45,few clouds
2026-05-05T07:53:59.875Z,Budapest,21.04,clear sky
2026-05-05T09:52:33.415Z,Budapest,25.32,clear sky
2026-05-05T11:10:20.834Z,Budapest,27.21,clear sky
2026-05-05T13:10:27.284Z,Budapest,27.1,clear sky
2026-05-05T15:37:33.081Z,Budapest,26.64,clear sky
2026-05-05T17:16:00.208Z,Budapest,23.84,clear sky
2026-05-05T19:04:42.389Z,Budapest,20.17,few clouds
2026-05-05T20:52:56.689Z,Budapest,18.29,clear sky
2026-05-05T22:45:34.515Z,Budapest,17,clear sky
2026-05-06T01:51:41.676Z,Budapest,14.94,clear sky
2026-05-06T05:20:37.663Z,Budapest,15.9,clear sky
2026-05-06T08:06:22.385Z,Budapest,19.61,clear sky
2026-05-06T11:42:58.827Z,Budapest,24.48,clear sky
2026-05-06T13:28:26.628Z,Budapest,25.23,clear sky
2026-05-06T15:56:43.461Z,Budapest,24.67,clear sky
2026-05-06T17:25:42.108Z,Budapest,23.05,clear sky
2026-05-06T19:21:48.992Z,Budapest,22.29,clear sky
2026-05-06T21:01:54.637Z,Budapest,17.33,overcast clouds
2026-05-06T22:39:17.253Z,Budapest,17.34,light intensity shower rain
2026-05-07T01:56:17.706Z,Budapest,15.62,broken clouds
2026-05-07T05:25:44.757Z,Budapest,15.51,clear sky
2026-05-07T08:14:02.025Z,Budapest,18.56,broken clouds
2026-05-07T11:41:59.116Z,Budapest,20.84,overcast clouds
2026-05-07T13:27:11.777Z,Budapest,20.05,clear sky
2026-05-07T15:57:50.905Z,Budapest,17.17,overcast clouds
2026-05-07T17:45:18.004Z,Budapest,15.83,moderate rain
2026-05-07T19:25:10.377Z,Budapest,15.06,broken clouds
2026-05-07T20:57:10.675Z,Budapest,14.48,scattered clouds
2026-05-07T22:51:42.239Z,Budapest,13.63,mist
2026-05-08T02:01:52.820Z,Budapest,12.5,fog
2026-05-08T05:50:36.017Z,Budapest,14.98,clear sky
2026-05-08T07:15:12.266Z,Budapest,17.78,clear sky
2026-05-08T09:04:25.586Z,Budapest,21.24,few clouds
2026-05-08T11:02:13.686Z,Budapest,22.09,broken clouds
2026-05-08T13:07:00.099Z,Budapest,22.98,clear sky
2026-05-08T15:12:57.908Z,Budapest,24.31,clear sky
2026-05-08T17:01:21.590Z,Budapest,22.73,clear sky
2026-05-08T19:03:19.627Z,Budapest,18.56,clear sky
2026-05-08T20:45:07.144Z,Budapest,17.33,clear sky
2026-05-08T22:44:18.435Z,Budapest,16.47,clear sky
2026-05-09T01:55:56.511Z,Budapest,14.38,clear sky
2026-05-09T05:15:43.757Z,Budapest,14.89,clear sky
2026-05-09T07:41:47.626Z,Budapest,18,clear sky
2026-05-09T09:07:47.677Z,Budapest,21.54,few clouds
2026-05-09T10:46:41.867Z,Budapest,21.31,clear sky
2026-05-09T12:52:59.634Z,Budapest,22.68,clear sky
2026-05-09T14:42:00.044Z,Budapest,24.49,clear sky
2026-05-09T16:40:53.028Z,Budapest,22.6,clear sky
2026-05-09T18:43:48.501Z,Budapest,18.3,clear sky
2026-05-09T20:34:16.514Z,Budapest,16.26,clear sky
2026-05-09T22:33:00.821Z,Budapest,14.91,clear sky
2026-05-10T01:54:48.775Z,Budapest,12.92,clear sky
2026-05-10T05:29:49.294Z,Budapest,14.16,clear sky
2026-05-10T07:55:47.184Z,Budapest,17.33,clear sky
2026-05-10T09:22:47.025Z,Budapest,19.73,clear sky
2026-05-10T10:53:56.594Z,Budapest,22.72,clear sky
2026-05-10T12:53:49.617Z,Budapest,24.29,clear sky
2026-05-10T14:43:14.689Z,Budapest,24.51,clear sky
2026-05-10T16:41:49.592Z,Budapest,24.02,clear sky
2026-05-10T18:45:11.835Z,Budapest,18.4,clear sky
2026-05-10T20:37:16.663Z,Budapest,19.41,clear sky
2026-05-10T22:36:15.266Z,Budapest,17.73,overcast clouds
2026-05-11T02:04:46.464Z,Budapest,15.47,overcast clouds
2026-05-11T06:57:38.878Z,Budapest,17,moderate rain
2026-05-11T10:52:32.913Z,Budapest,19.8,broken clouds
2026-05-11T14:25:17.680Z,Budapest,21.13,overcast clouds
2026-05-11T17:48:40.748Z,Budapest,19.51,clear sky
2026-05-11T19:26:53.450Z,Budapest,18.4,clear sky
2026-05-11T21:09:53.276Z,Budapest,17.39,broken clouds
2026-05-11T22:44:45.788Z,Budapest,15.16,broken clouds
2026-05-12T02:01:12.179Z,Budapest,13.76,broken clouds
2026-05-12T06:31:03.972Z,Budapest,14.09,overcast clouds
2026-05-12T10:23:10.941Z,Budapest,16.14,broken clouds
2026-05-12T13:52:33.782Z,Budapest,15.02,few clouds
2026-05-12T16:12:37.672Z,Budapest,13.48,clear sky
2026-05-12T19:27:10.025Z,Budapest,11.18,moderate rain
2026-05-12T21:09:25.686Z,Budapest,10.43,broken clouds
2026-05-12T22:51:56.084Z,Budapest,9.37,clear sky
2026-05-13T02:06:38.437Z,Budapest,6.44,clear sky
2026-05-13T06:41:31.442Z,Budapest,10.11,few clouds
2026-05-13T10:12:37.718Z,Budapest,13.93,clear sky
2026-05-13T14:05:29.195Z,Budapest,16.51,clear sky
2026-05-13T17:54:25.005Z,Budapest,14.28,clear sky
2026-05-13T19:30:22.998Z,Budapest,12.53,clear sky
2026-05-13T21:16:27.530Z,Budapest,10.77,few clouds
2026-05-13T22:56:19.454Z,Budapest,9.3,few clouds
2026-05-14T02:08:47.877Z,Budapest,6.77,clear sky
2026-05-14T06:40:15.759Z,Budapest,13.61,clear sky
2026-05-14T10:05:50.911Z,Budapest,18.72,clear sky
2026-05-14T13:29:30.825Z,Budapest,20.86,clear sky
2026-05-14T16:04:17.304Z,Budapest,19.94,clear sky
2026-05-14T19:26:44.873Z,Budapest,17.03,clear sky
2026-05-14T21:01:57.141Z,Budapest,15.25,clear sky
2026-05-14T22:48:44.079Z,Budapest,13.93,clear sky
2026-05-15T02:07:17.486Z,Budapest,13.16,clear sky
2026-05-15T06:49:38.622Z,Budapest,14.96,scattered clouds
2026-05-15T10:11:54.951Z,Budapest,18.29,broken clouds
2026-05-15T13:28:48.746Z,Budapest,20.65,broken clouds
2026-05-15T15:55:55.085Z,Budapest,15.69,light rain
2026-05-15T17:21:58.825Z,Budapest,13.32,light intensity shower rain
2026-05-15T19:16:09.739Z,Budapest,12.47,clear sky
2026-05-15T20:50:53.801Z,Budapest,12.01,clear sky
2026-05-15T22:43:49.346Z,Budapest,12.07,light rain
2026-05-16T01:59:22.902Z,Budapest,11.42,heavy intensity rain
2026-05-16T05:28:03.277Z,Budapest,11.98,broken clouds
2026-05-16T07:48:38.255Z,Budapest,14.41,overcast clouds
2026-05-16T09:20:24.999Z,Budapest,15.57,overcast clouds
2026-05-16T10:54:19.286Z,Budapest,14.54,broken clouds
2026-05-16T12:57:24.616Z,Budapest,14.48,light intensity shower rain
2026-05-16T14:47:15.785Z,Budapest,13.7,overcast clouds
2026-05-16T16:44:43.060Z,Budapest,13.11,moderate rain
2026-05-16T18:49:11.674Z,Budapest,13.02,overcast clouds
2026-05-16T20:37:42.396Z,Budapest,12.71,overcast clouds
2026-05-16T22:35:35.713Z,Budapest,11.96,moderate rain
2026-05-17T02:01:33.489Z,Budapest,10.95,broken clouds
2026-05-17T06:38:38.640Z,Budapest,10.94,light intensity drizzle rain
2026-05-17T09:26:50.757Z,Budapest,11.35,moderate rain
2026-05-17T10:58:27.359Z,Budapest,11.14,shower rain
2026-05-17T12:55:05.253Z,Budapest,11.26,light rain
2026-05-17T14:48:25.718Z,Budapest,11.35,broken clouds
2026-05-17T16:44:33.188Z,Budapest,10.62,broken clouds
2026-05-17T18:53:23.146Z,Budapest,9.68,broken clouds
2026-05-17T20:38:35.541Z,Budapest,9.44,broken clouds
2026-05-17T22:43:14.084Z,Budapest,9.27,broken clouds
2026-05-18T02:13:39.769Z,Budapest,9,broken clouds
2026-05-18T07:53:50.363Z,Budapest,12.49,scattered clouds
2026-05-18T11:36:30.509Z,Budapest,15.32,broken clouds
2026-05-18T14:52:54.482Z,Budapest,17.23,broken clouds
2026-05-18T17:51:27.100Z,Budapest,16.07,clear sky
2026-05-18T19:23:35.763Z,Budapest,12.73,clear sky
2026-05-18T21:01:20.351Z,Budapest,11.62,clear sky
2026-05-18T22:48:43.854Z,Budapest,11.93,few clouds
2026-05-19T02:12:43.094Z,Budapest,11.26,clear sky
2026-05-19T07:35:47.198Z,Budapest,16.51,scattered clouds
2026-05-19T10:53:13.818Z,Budapest,19.61,broken clouds
2026-05-19T14:34:49.638Z,Budapest,21.74,clear sky
2026-05-19T17:56:32.461Z,Budapest,19.59,clear sky
2026-05-19T19:44:49.258Z,Budapest,14.99,clear sky
2026-05-19T21:10:29.974Z,Budapest,14.26,clear sky
2026-05-19T22:56:36.222Z,Budapest,14.15,clear sky
2026-05-20T02:11:47.849Z,Budapest,12.18,clear sky
2026-05-20T07:34:33.278Z,Budapest,19.24,clear sky
2026-05-20T10:40:56.704Z,Budapest,22.62,clear sky
2026-05-20T14:34:28.388Z,Budapest,24.1,clear sky
2026-05-20T18:09:13.594Z,Budapest,22.06,clear sky
2026-05-20T21:41:42.053Z,Budapest,17.79,clear sky
2026-05-20T23:04:20.216Z,Budapest,17.13,clear sky
2026-05-21T02:10:40.822Z,Budapest,16.23,clear sky
2026-05-21T07:40:32.301Z,Budapest,19.09,clear sky
2026-05-21T10:57:59.321Z,Budapest,23.29,scattered clouds
2026-05-21T14:39:15.753Z,Budapest,24.31,scattered clouds
2026-05-21T17:53:19.354Z,Budapest,22.46,clear sky
2026-05-21T19:42:07.280Z,Budapest,19.93,clear sky
2026-05-21T21:21:08.699Z,Budapest,18.22,clear sky
2026-05-21T22:57:35.910Z,Budapest,17.21,clear sky
2026-05-22T02:13:24.655Z,Budapest,15.54,clear sky
2026-05-22T07:35:54.302Z,Budapest,20.33,clear sky
2026-05-22T10:41:22.009Z,Budapest,23.97,clear sky
2026-05-22T14:14:29.435Z,Budapest,24.91,clear sky
2026-05-22T17:43:44.956Z,Budapest,23.79,clear sky
2026-05-22T19:22:18.085Z,Budapest,19.45,clear sky
2026-05-22T21:02:50.244Z,Budapest,19.45,clear sky
2026-05-22T22:49:44.186Z,Budapest,18.08,clear sky
2026-05-23T02:00:52.522Z,Budapest,17.18,overcast clouds
2026-05-23T06:27:24.438Z,Budapest,19.16,clear sky
2026-05-23T09:42:35.299Z,Budapest,24.59,clear sky
2026-05-23T11:03:04.997Z,Budapest,24.88,clear sky
2026-05-23T12:58:42.370Z,Budapest,25.65,clear sky
2026-05-23T14:52:49.362Z,Budapest,27,clear sky
2026-05-23T18:54:16.784Z,Budapest,20.71,clear sky
2026-05-23T20:38:41.417Z,Budapest,18.58,clear sky
2026-05-23T22:42:15.042Z,Budapest,19.05,clear sky
2026-05-24T02:10:16.631Z,Budapest,17.6,clear sky
2026-05-24T06:53:21.410Z,Budapest,22.24,clear sky
2026-05-24T09:47:23.120Z,Budapest,25.7,clear sky
2026-05-24T11:06:32.252Z,Budapest,25.94,clear sky
2026-05-24T12:59:08.576Z,Budapest,27.71,clear sky
2026-05-24T14:54:31.151Z,Budapest,29.49,clear sky
2026-05-24T16:51:33.326Z,Budapest,28.16,clear sky
2026-05-24T19:00:15.900Z,Budapest,23.92,clear sky
2026-05-24T20:41:51.210Z,Budapest,23.65,overcast clouds
2026-05-24T22:45:44.340Z,Budapest,22.7,overcast clouds
2026-05-25T02:28:49.484Z,Budapest,21.73,clear sky
2026-05-25T08:10:51.398Z,Budapest,27.29,clear sky
2026-05-25T12:55:23.927Z,Budapest,29.54,clear sky
2026-05-25T16:14:57.465Z,Budapest,29.24,clear sky
2026-05-25T19:14:39.599Z,Budapest,24.3,clear sky
2026-05-25T20:56:45.511Z,Budapest,22.93,few clouds
2026-05-25T22:51:21.337Z,Budapest,21.08,clear sky
2026-05-26T02:08:40.016Z,Budapest,18.55,clear sky
2026-05-26T07:35:04.737Z,Budapest,24.06,clear sky
2026-05-26T14:39:46.727Z,Budapest,30.87,clear sky
2026-05-26T18:16:19.577Z,Budapest,27.27,clear sky
2026-05-26T21:27:45.025Z,Budapest,23.95,clear sky
2026-05-26T23:00:49.441Z,Budapest,21.36,clear sky
2026-05-27T02:28:38.049Z,Budapest,18.76,clear sky
2026-05-27T07:55:16.306Z,Budapest,28.05,clear sky
2026-05-27T11:29:15.071Z,Budapest,31.25,clear sky
2026-05-27T14:53:53.248Z,Budapest,30.9,clear sky
2026-05-27T18:18:31.495Z,Budapest,28.29,broken clouds
2026-05-27T21:45:13.984Z,Budapest,21.52,clear sky
2026-05-27T23:09:06.572Z,Budapest,20.27,clear sky
2026-05-28T02:00:56.205Z,Budapest,16.57,clear sky
2026-05-28T07:46:40.709Z,Budapest,20.78,clear sky
2026-05-28T11:28:52.309Z,Budapest,23.22,clear sky
2026-05-28T15:26:26.046Z,Budapest,23.91,clear sky
2026-05-28T18:29:02.359Z,Budapest,20.38,clear sky
2026-05-28T21:49:20.165Z,Budapest,16.08,clear sky
2026-05-28T23:07:03.276Z,Budapest,14.75,clear sky
2026-05-29T02:07:39.128Z,Budapest,13.3,clear sky
2026-05-29T07:45:19.237Z,Budapest,19.85,clear sky
2026-05-29T11:19:01.620Z,Budapest,23.38,clear sky
2026-05-29T14:38:20.763Z,Budapest,24.23,clear sky
2026-05-29T18:26:00.555Z,Budapest,21.69,clear sky
2026-05-29T21:43:37.849Z,Budapest,17.71,clear sky
2026-05-29T23:02:27.904Z,Budapest,16.57,clear sky
2026-05-30T02:02:21.795Z,Budapest,16.88,clear sky
2026-05-30T06:39:39.802Z,Budapest,19.89,broken clouds
2026-05-30T09:50:03.046Z,Budapest,23.11,clear sky
2026-05-30T11:11:42.710Z,Budapest,22.85,clear sky
2026-05-30T13:01:49.329Z,Budapest,23.23,overcast clouds
2026-05-30T14:57:55.851Z,Budapest,24.31,clear sky
2026-05-30T16:51:21.832Z,Budapest,25.29,clear sky
2026-05-30T18:58:06.547Z,Budapest,18.93,clear sky
2026-05-30T20:43:25.525Z,Budapest,20.07,clear sky
2026-05-30T22:46:47.679Z,Budapest,18.4,clear sky
2026-05-31T02:29:29.668Z,Budapest,17.3,clear sky
2026-05-31T07:37:42.354Z,Budapest,22.2,clear sky
2026-05-31T10:06:42.555Z,Budapest,23.81,clear sky
2026-05-31T13:13:10.685Z,Budapest,25.9,clear sky
2026-05-31T15:10:45.140Z,Budapest,25.71,clear sky
2026-05-31T16:55:51.358Z,Budapest,26.06,clear sky
2026-05-31T19:01:30.826Z,Budapest,21.63,clear sky
2026-05-31T20:47:22.275Z,Budapest,21.13,overcast clouds
2026-05-31T22:48:15.953Z,Budapest,19.78,clear sky
2026-06-01T02:38:45.591Z,Budapest,18.15,clear sky
2026-06-01T09:10:27.159Z,Budapest,20.99,scattered clouds
2026-06-01T15:46:39.406Z,Budapest,20.34,broken clouds
2026-06-01T20:08:39.061Z,Budapest,17.67,broken clouds
2026-06-01T23:20:47.747Z,Budapest,16.7,overcast clouds
2026-06-02T02:37:10.297Z,Budapest,16.12,overcast clouds
2026-06-02T08:19:26.846Z,Budapest,22.75,scattered clouds
2026-06-02T13:48:56.219Z,Budapest,26.12,clear sky
2026-06-02T17:58:37.837Z,Budapest,24.43,broken clouds
2026-06-02T20:47:24.605Z,Budapest,20.12,broken clouds
2026-06-02T23:26:29.361Z,Budapest,18.82,broken clouds
2026-06-03T02:45:14.447Z,Budapest,18.37,overcast clouds
2026-06-03T08:46:38.825Z,Budapest,23.33,light rain
2026-06-03T14:20:51.114Z,Budapest,20.19,overcast clouds
2026-06-03T19:40:48.375Z,Budapest,16.89,overcast clouds
2026-06-03T22:23:01.846Z,Budapest,16.25,overcast clouds
2026-06-04T02:39:41.371Z,Budapest,15.67,overcast clouds
2026-06-04T08:11:47.251Z,Budapest,19.9,overcast clouds
2026-06-04T12:37:33.447Z,Budapest,23.27,broken clouds
2026-06-04T16:42:57.545Z,Budapest,25.45,broken clouds
2026-06-04T19:53:29.785Z,Budapest,20.65,overcast clouds
2026-06-04T21:22:56.373Z,Budapest,19.19,overcast clouds
2026-06-04T23:00:15.860Z,Budapest,18.37,overcast clouds
2026-06-05T02:14:54.332Z,Budapest,16.64,overcast clouds
2026-06-05T07:58:41.943Z,Budapest,21.32,overcast clouds
2026-06-05T11:27:49.629Z,Budapest,24.37,overcast clouds
2026-06-05T14:23:56.551Z,Budapest,18.73,overcast clouds
2026-06-05T17:46:50.157Z,Budapest,15.23,moderate rain
2026-06-05T19:40:40.975Z,Budapest,14.8,overcast clouds
2026-06-05T21:16:55.287Z,Budapest,14.95,overcast clouds
2026-06-05T22:57:41.420Z,Budapest,15.05,overcast clouds
2026-06-06T02:06:26.472Z,Budapest,14.44,broken clouds
2026-06-06T06:46:03.313Z,Budapest,17.65,overcast clouds
2026-06-06T09:53:15.978Z,Budapest,22.54,overcast clouds
2026-06-06T11:16:06.685Z,Budapest,24.13,broken clouds
2026-06-06T13:06:31.134Z,Budapest,27,clear sky
2026-06-06T15:05:08.951Z,Budapest,26.1,scattered clouds
2026-06-06T16:58:48.409Z,Budapest,25.89,broken clouds
2026-06-06T19:04:17.600Z,Budapest,21.58,overcast clouds
2026-06-06T20:53:43.586Z,Budapest,20.71,overcast clouds
2026-06-06T22:55:03.034Z,Budapest,18.83,overcast clouds
2026-06-07T02:32:59.716Z,Budapest,16.65,clear sky
2026-06-07T07:46:17.588Z,Budapest,24.44,clear sky
2026-06-07T10:20:49.600Z,Budapest,26.75,clear sky
2026-06-07T13:20:04.093Z,Budapest,28.96,few clouds
2026-06-07T15:17:51.842Z,Budapest,28.42,scattered clouds
2026-06-07T17:04:19.296Z,Budapest,27.1,scattered clouds
2026-06-07T19:05:13.487Z,Budapest,23.26,scattered clouds
2026-06-07T20:59:44.277Z,Budapest,21.23,few clouds
2026-06-07T22:53:13.326Z,Budapest,19.98,clear sky
2026-06-08T02:37:39.753Z,Budapest,18.78,clear sky
2026-06-08T08:44:26.985Z,Budapest,26.39,clear sky
2026-06-08T13:57:50.699Z,Budapest,27.94,clear sky
2026-06-08T17:20:50.996Z,Budapest,28.67,scattered clouds
2026-06-08T20:00:05.609Z,Budapest,23.68,scattered clouds
2026-06-08T21:51:37.352Z,Budapest,21.74,scattered clouds
2026-06-08T23:07:18.026Z,Budapest,20.97,broken clouds
2026-06-09T02:02:53.637Z,Budapest,19.58,overcast clouds
2026-06-09T07:36:30.840Z,Budapest,26.1,overcast clouds
2026-06-09T10:50:56.462Z,Budapest,29.28,overcast clouds
2026-06-09T14:23:33.971Z,Budapest,31.29,overcast clouds
2026-06-09T17:51:54.948Z,Budapest,26.15,overcast clouds
2026-06-09T19:55:11.738Z,Budapest,22.26,overcast clouds
2026-06-09T21:29:46.064Z,Budapest,20.5,overcast clouds
2026-06-09T23:10:04.221Z,Budapest,19.9,overcast clouds
2026-06-10T02:14:57.083Z,Budapest,18.35,broken clouds
2026-06-10T07:59:19.666Z,Budapest,21.28,overcast clouds
2026-06-10T11:39:13.499Z,Budapest,26.11,overcast clouds
2026-06-10T14:51:55.528Z,Budapest,27.68,broken clouds
2026-06-10T18:23:55.410Z,Budapest,21.62,broken clouds
2026-06-10T21:52:58.028Z,Budapest,17.93,few clouds
2026-06-10T23:18:11.154Z,Budapest,16.83,scattered clouds
2026-06-11T02:37:25.112Z,Budapest,13.23,overcast clouds
2026-06-11T08:27:22.819Z,Budapest,17.23,overcast clouds
2026-06-11T13:50:47.525Z,Budapest,18.52,overcast clouds
2026-06-11T17:31:35.341Z,Budapest,18.42,overcast clouds
2026-06-11T20:09:12.078Z,Budapest,16.32,overcast clouds
2026-06-11T23:13:49.732Z,Budapest,13.75,broken clouds
2026-06-12T02:32:53.016Z,Budapest,12.21,clear sky
2026-06-12T08:15:08.498Z,Budapest,18.7,clear sky
2026-06-12T12:49:03.702Z,Budapest,21.92,clear sky
2026-06-12T16:37:49.281Z,Budapest,20.61,scattered clouds
2026-06-12T19:51:39.339Z,Budapest,17.87,overcast clouds
2026-06-12T21:23:23.982Z,Budapest,16.9,overcast clouds
2026-06-12T23:06:40.609Z,Budapest,15.61,overcast clouds
2026-06-13T02:14:00.122Z,Budapest,14.42,overcast clouds
2026-06-13T07:39:12.763Z,Budapest,16.17,overcast clouds
2026-06-13T10:20:50.581Z,Budapest,21.89,overcast clouds
2026-06-13T13:24:10.745Z,Budapest,22.76,overcast clouds
2026-06-13T15:24:54.116Z,Budapest,25.08,overcast clouds
2026-06-13T17:09:48.377Z,Budapest,24.43,broken clouds
2026-06-13T19:07:05.911Z,Budapest,21.7,clear sky
2026-06-13T21:01:43.780Z,Budapest,20.43,few clouds
2026-06-13T22:53:12.304Z,Budapest,19.03,few clouds
2026-06-14T02:37:06.807Z,Budapest,18.74,overcast clouds
2026-06-14T08:07:47.015Z,Budapest,22.22,overcast clouds
2026-06-14T11:48:40.621Z,Budapest,22.35,light rain
2026-06-14T13:26:52.657Z,Budapest,18.02,heavy intensity rain
2026-06-14T15:41:34.957Z,Budapest,21.21,overcast clouds
2026-06-14T17:07:47.469Z,Budapest,22.11,overcast clouds
2026-06-14T19:07:51.284Z,Budapest,18.97,few clouds
2026-06-14T20:58:29.894Z,Budapest,15.78,broken clouds
2026-06-14T22:58:36.855Z,Budapest,15.2,broken clouds
2026-06-15T02:42:16.715Z,Budapest,14.52,overcast clouds
2026-06-15T09:51:08.588Z,Budapest,20.37,overcast clouds
2026-06-15T15:35:54.357Z,Budapest,22.77,broken clouds
2026-06-15T19:37:30.823Z,Budapest,18.08,broken clouds
2026-06-15T22:09:54.203Z,Budapest,15.64,scattered clouds
2026-06-16T02:44:45.796Z,Budapest,13.53,broken clouds
2026-06-16T09:15:07.886Z,Budapest,23.61,clear sky
2026-06-16T14:51:05.670Z,Budapest,26.85,few clouds
2026-06-16T19:27:11.739Z,Budapest,20.84,overcast clouds
2026-06-16T22:04:50.692Z,Budapest,20.33,overcast clouds
2026-06-17T02:41:29.467Z,Budapest,19.68,overcast clouds
2026-06-17T08:53:01.466Z,Budapest,24.89,broken clouds
2026-06-17T13:35:38.744Z,Budapest,27.5,overcast clouds
2026-06-17T16:49:38.569Z,Budapest,26.96,broken clouds
2026-06-17T19:58:38.157Z,Budapest,22.4,scattered clouds
2026-06-17T21:59:34.224Z,Budapest,21.38,few clouds
2026-06-17T23:25:52.801Z,Budapest,19.06,few clouds
2026-06-18T02:38:07.393Z,Budapest,17.99,broken clouds
2026-06-18T08:29:38.584Z,Budapest,25.92,overcast clouds
2026-06-18T12:44:28.154Z,Budapest,28.69,broken clouds
2026-06-18T16:50:19.240Z,Budapest,28.22,overcast clouds
2026-06-18T20:10:11.434Z,Budapest,22.84,broken clouds
2026-06-18T23:27:48.373Z,Budapest,21.36,scattered clouds
2026-06-19T02:54:00.461Z,Budapest,19.63,broken clouds
2026-06-19T08:57:44.898Z,Budapest,29.09,clear sky
2026-06-19T13:27:00.624Z,Budapest,32.12,clear sky
2026-06-19T16:27:17.542Z,Budapest,32.85,scattered clouds
2026-06-19T19:24:18.759Z,Budapest,25.56,clear sky
2026-06-19T21:00:15.011Z,Budapest,25.39,clear sky
2026-06-19T22:42:44.560Z,Budapest,24.48,clear sky
2026-06-20T02:27:05.959Z,Budapest,20.72,clear sky
2026-06-20T07:42:07.027Z,Budapest,29.84,clear sky
2026-06-20T10:25:44.729Z,Budapest,33.41,few clouds
2026-06-20T13:26:14.886Z,Budapest,34.71,few clouds
2026-06-20T15:27:43.945Z,Budapest,33.95,few clouds
2026-06-20T17:14:52.730Z,Budapest,30.34,heavy intensity rain
2026-06-20T19:08:07.366Z,Budapest,27.18,overcast clouds
2026-06-20T21:03:33.275Z,Budapest,23.99,overcast clouds
2026-06-20T22:57:10.628Z,Budapest,24.02,overcast clouds
2026-06-21T02:40:32.461Z,Budapest,22.19,few clouds
2026-06-21T08:20:15.824Z,Budapest,30.56,clear sky
2026-06-21T12:04:31.728Z,Budapest,35.01,few clouds
2026-06-21T15:45:01.396Z,Budapest,30.99,scattered clouds
2026-06-21T17:17:59.399Z,Budapest,31.62,scattered clouds
2026-06-21T19:13:46.589Z,Budapest,27.17,clear sky
2026-06-21T21:04:07.808Z,Budapest,25.46,scattered clouds
2026-06-21T22:59:08.868Z,Budapest,23.85,broken clouds
2026-06-22T02:43:43.718Z,Budapest,21.77,clear sky
2026-06-22T09:37:47.293Z,Budapest,30.53,clear sky
2026-06-22T15:12:46.293Z,Budapest,27.93,broken clouds
2026-06-22T19:17:18.575Z,Budapest,26.02,overcast clouds
2026-06-22T21:54:44.709Z,Budapest,23.76,overcast clouds
2026-06-22T23:10:47.756Z,Budapest,23.75,broken clouds
2026-06-23T02:10:05.803Z,Budapest,22.72,clear sky
2026-06-23T07:38:30.219Z,Budapest,27.22,few clouds
2026-06-23T10:53:41.669Z,Budapest,30.95,few clouds
2026-06-23T14:25:50.843Z,Budapest,31.83,few clouds
2026-06-23T17:44:10.558Z,Budapest,28.96,broken clouds
2026-06-23T19:48:39.499Z,Budapest,27.09,overcast clouds
2026-06-23T21:22:45.864Z,Budapest,25.9,broken clouds
2026-06-23T22:58:33.228Z,Budapest,24.49,broken clouds
2026-06-24T02:11:42.689Z,Budapest,22.2,scattered clouds
2026-06-24T07:31:33.426Z,Budapest,28.06,clear sky
2026-06-24T10:39:47.421Z,Budapest,30.92,clear sky
2026-06-24T14:05:14.196Z,Budapest,32.47,clear sky
2026-06-24T17:46:49.091Z,Budapest,31.12,clear sky
2026-06-24T19:25:15.596Z,Budapest,27.09,overcast clouds
2026-06-24T21:15:58.582Z,Budapest,26.49,overcast clouds
2026-06-24T22:58:31.794Z,Budapest,23.81,scattered clouds
2026-06-25T02:11:44.361Z,Budapest,23.27,clear sky
2026-06-25T07:32:47.830Z,Budapest,27.98,clear sky
2026-06-25T10:32:47.505Z,Budapest,31.35,clear sky
2026-06-25T14:02:39.808Z,Budapest,33.29,clear sky
2026-06-25T18:01:49.245Z,Budapest,31.51,clear sky
2026-06-25T21:21:02.995Z,Budapest,26.36,clear sky
2026-06-25T23:06:44.139Z,Budapest,24.86,clear sky
2026-06-26T02:13:35.833Z,Budapest,22.98,clear sky
2026-06-26T07:41:37.161Z,Budapest,31.56,clear sky
2026-06-26T10:42:49.127Z,Budapest,34.3,clear sky
2026-06-26T14:01:35.320Z,Budapest,35.41,clear sky
2026-06-26T17:28:53.192Z,Budapest,34.8,clear sky
2026-06-26T19:27:19.272Z,Budapest,29.68,clear sky
2026-06-26T21:11:44.139Z,Budapest,28.58,clear sky
2026-06-26T22:58:35.691Z,Budapest,27.25,few clouds
2026-06-27T02:08:32.224Z,Budapest,25.41,clear sky
2026-06-27T06:45:45.711Z,Budapest,31.29,clear sky
2026-06-27T09:55:23.257Z,Budapest,36.35,clear sky
2026-06-27T11:20:23.610Z,Budapest,37.22,clear sky
2026-06-27T13:07:48.603Z,Budapest,38.33,clear sky
2026-06-27T15:07:28.689Z,Budapest,38.32,clear sky
2026-06-27T16:55:53.344Z,Budapest,35.8,clear sky
2026-06-27T19:03:21.285Z,Budapest,32.97,clear sky
2026-06-27T20:49:31.082Z,Budapest,29.75,clear sky
2026-06-27T22:53:41.443Z,Budapest,28.68,clear sky
2026-06-28T02:30:11.222Z,Budapest,26.72,clear sky
2026-06-28T07:42:49.098Z,Budapest,33.36,clear sky
2026-06-28T10:19:37.216Z,Budapest,38.02,clear sky
2026-06-28T13:14:44.243Z,Budapest,39.97,clear sky
2026-06-28T15:10:53.288Z,Budapest,39.44,clear sky
2026-06-28T16:57:37.544Z,Budapest,38.49,clear sky
2026-06-28T19:01:19.474Z,Budapest,31.99,scattered clouds
2026-06-28T20:51:24.131Z,Budapest,31.27,few clouds
2026-06-28T22:53:44.027Z,Budapest,30.81,few clouds
2026-06-29T02:30:25.438Z,Budapest,27.83,clear sky
2026-06-29T08:49:19.488Z,Budapest,35.64,clear sky
2026-06-29T14:01:27.098Z,Budapest,39.44,clear sky
2026-06-29T18:02:40.533Z,Budapest,37.04,clear sky
2026-06-29T21:15:46.991Z,Budapest,31.19,clear sky
2026-06-29T22:45:16.846Z,Budapest,29.02,clear sky
2026-06-30T02:13:58.663Z,Budapest,27.67,scattered clouds
2026-06-30T07:41:30.933Z,Budapest,32.22,clear sky
2026-06-30T10:47:53.027Z,Budapest,40,clear sky
2026-06-30T13:54:09.763Z,Budapest,40.46,few clouds
2026-06-30T16:14:50.443Z,Budapest,37.55,few clouds
2026-06-30T19:30:22.629Z,Budapest,32.84,overcast clouds
2026-06-30T21:21:38.702Z,Budapest,30.3,broken clouds
2026-06-30T23:02:29.817Z,Budapest,28.34,broken clouds
2026-07-01T02:30:56.680Z,Budapest,26.22,overcast clouds
2026-07-01T08:01:52.851Z,Budapest,31,overcast clouds
2026-07-01T12:26:56.959Z,Budapest,33.01,light rain
2026-07-01T16:14:50.079Z,Budapest,34.44,broken clouds
2026-07-01T19:38:44.963Z,Budapest,23.7,broken clouds
2026-07-01T21:16:47.894Z,Budapest,23.33,broken clouds
2026-07-01T23:01:44.783Z,Budapest,22.31,broken clouds
2026-07-02T02:10:33.187Z,Budapest,21.53,few clouds
2026-07-02T06:59:16.317Z,Budapest,23.25,overcast clouds
2026-07-02T10:27:37.211Z,Budapest,27.79,overcast clouds
2026-07-02T13:28:17.675Z,Budapest,28.86,broken clouds
2026-07-02T15:58:48.163Z,Budapest,27.7,broken clouds
2026-07-02T17:46:54.217Z,Budapest,27.76,broken clouds
2026-07-02T19:07:52.195Z,Budapest,26.56,overcast clouds
2026-07-02T20:52:40.072Z,Budapest,24.62,broken clouds
2026-07-02T22:56:07.998Z,Budapest,21.3,broken clouds
2026-07-03T01:54:12.644Z,Budapest,20.57,clear sky
2026-07-03T05:43:16.509Z,Budapest,24.25,clear sky
2026-07-03T08:47:24.646Z,Budapest,26.92,clear sky
2026-07-03T11:59:45.141Z,Budapest,28.03,scattered clouds
2026-07-03T14:09:37.797Z,Budapest,28.27,clear sky
2026-07-03T17:12:10.893Z,Budapest,26.65,clear sky
2026-07-03T19:00:22.404Z,Budapest,24.09,clear sky
2026-07-03T20:51:22.938Z,Budapest,21.62,clear sky
2026-07-03T22:54:01.560Z,Budapest,19.67,clear sky
2026-07-04T01:54:00.073Z,Budapest,18.21,few clouds
2026-07-04T05:36:50.467Z,Budapest,19.56,clear sky
2026-07-04T08:22:32.291Z,Budapest,22.47,clear sky
2026-07-04T11:16:36.722Z,Budapest,25.03,broken clouds
2026-07-04T12:58:24.712Z,Budapest,26.14,overcast clouds
2026-07-04T14:57:06.508Z,Budapest,26.12,broken clouds
2026-07-04T16:52:11.647Z,Budapest,25.86,broken clouds
2026-07-04T18:55:38.159Z,Budapest,23.43,overcast clouds
2026-07-04T20:42:10.108Z,Budapest,22.64,overcast clouds
2026-07-04T22:46:09.594Z,Budapest,21.55,overcast clouds
2026-07-05T02:01:17.575Z,Budapest,19.22,overcast clouds
2026-07-05T06:59:00.273Z,Budapest,21.03,overcast clouds
2026-07-05T10:02:23.333Z,Budapest,23.83,broken clouds
2026-07-05T13:06:16.912Z,Budapest,23.95,few clouds
2026-07-05T15:05:02.273Z,Budapest,26.31,scattered clouds
2026-07-05T16:54:14.624Z,Budapest,25.65,scattered clouds
2026-07-05T19:00:26.174Z,Budapest,22.86,overcast clouds
2026-07-05T20:45:25.940Z,Budapest,21.66,overcast clouds
2026-07-05T22:51:55.762Z,Budapest,20.4,overcast clouds
2026-07-06T02:06:55.821Z,Budapest,18.81,overcast clouds
2026-07-06T08:09:23.428Z,Budapest,23.53,few clouds
2026-07-06T13:36:51.868Z,Budapest,26.02,overcast clouds
2026-07-06T16:46:56.993Z,Budapest,22.66,overcast clouds
2026-07-06T19:40:40.281Z,Budapest,21,overcast clouds
2026-07-06T21:20:15.109Z,Budapest,20.52,overcast clouds
2026-07-06T22:56:36.812Z,Budapest,20.33,overcast clouds
2026-07-07T02:02:34.904Z,Budapest,19.93,overcast clouds
2026-07-07T07:27:36.454Z,Budapest,22.67,overcast clouds
2026-07-07T10:44:29.861Z,Budapest,30.24,overcast clouds
2026-07-07T14:05:07.365Z,Budapest,30.44,overcast clouds
2026-07-07T17:50:32.379Z,Budapest,28.58,overcast clouds
2026-07-07T19:39:41.478Z,Budapest,26.57,overcast clouds
2026-07-07T21:14:14.678Z,Budapest,25.1,overcast clouds
2026-07-07T22:50:33.184Z,Budapest,24.69,overcast clouds
2026-07-08T01:43:41.821Z,Budapest,24.4,overcast clouds
2026-07-08T04:58:28.156Z,Budapest,21.65,overcast clouds
2026-07-08T08:06:39.786Z,Budapest,23.42,overcast clouds
2026-07-08T11:41:23.710Z,Budapest,25.01,broken clouds
2026-07-08T13:29:08.160Z,Budapest,26.69,clear sky
2026-07-08T17:22:00.745Z,Budapest,25.54,few clouds
2026-07-08T19:05:57.433Z,Budapest,22.66,clear sky
2026-07-08T20:55:43.711Z,Budapest,20.61,clear sky
2026-07-08T22:54:57.250Z,Budapest,18.79,clear sky
2026-07-09T01:54:49.733Z,Budapest,17.17,scattered clouds
